<?xml version="1.0" encoding="UTF-8"?>
<!DOCTYPE hibernate-configuration SYSTEM
        "http://www.hibernate.org/dtd/hibernate-configuration-3.0.dtd">
<hibernate-configuration>
    <session-factory>
        <property name="hibernate.dialect">org.hibernate.dialect.MySQL8Dialect</property>
        <property name="hibernate.connection.driver_class">com.mysql.cj.jdbc.Driver</property>
        <property name="hibernate.connection.url">jdbc:mysql://localhost:3306/online</property>
        <property name="hibernate.connection.username">root</property>
        <property name="hibernate.connection.password">root</property>
        <property name="hibernate.hbm2ddl.auto">update</property>
        <property name="hibernate.show_sql">true</property>

        <!-- Mapped annotated classes -->
        <mapping class="com.hibernate.oneToOne.com.hibernate.oneToOneeg.Address"/>
        <mapping class="com.hibernate.oneToOne.com.hibernate.oneToOneeg.Student"/>
        <mapping class="com.hibernate.oneToOne.com.hibernate.oneToOneeg.Citizen"/>
 		<mapping class="com.hibernate.oneToOne.com.hibernate.oneToOneeg.Passport"/>
 		<mapping class="com.hibernate.oneToOne.com.hibernate.oneToOneeg.Employee"/>
 		<mapping class="com.hibernate.oneToOne.com.hibernate.oneToOneeg.Department"/>
 		<mapping class="com.hibernate.oneToOne.com.hibernate.oneToOneeg.Library"/>
		<mapping class="com.hibernate.oneToOne.com.hibernate.oneToOneeg.Book"/>
 		
        
    </session-factory>
</hibernate-configuration>
